,City,Latitude,Longitude,Country,Date,Cloudiness,Humidity,Temp,Wind Speed
0,Punta Arenas,-81.54958673492467,-108.25961574423755,CL,1538949600.0,40.0,91.0,42.8,19.46
1,Angoche,-17.438868170271164,42.173997110355145,MZ,1538950779.0,92.0,100.0,76.93,18.16
2,Ola,57.18422946094856,151.67189595669612,RU,1538947800.0,0.0,85.0,23.0,4.47
3,Jamestown,-23.821111262591458,-13.073333601005487,SH,1538950779.0,92.0,100.0,68.11,12.68
4,Albany,-55.393713139724454,122.62939513055443,AU,1538950620.0,64.0,93.0,48.22,3.62
5,Bluff,-88.06378774772965,174.7277905832555,NZ,1538950779.0,80.0,100.0,48.4,20.4
6,Butaritari,26.38488506244086,171.13563808058103,KI,1538950620.0,0.0,100.0,83.41,6.2
7,Whitefish,48.76705714021986,-114.88713895349424,US,1538949300.0,90.0,8.0,51.08,2.73
9,Hobart,-58.968276243224956,150.29629570157084,AU,1538947800.0,75.0,71.0,53.6,6.93
10,Boa Vista,2.7957698181820803,-62.75507508570898,BR,1538949600.0,20.0,41.0,93.2,5.82
11,Castro,-52.962445626275944,-98.46488820228745,CL,1538950780.0,92.0,100.0,48.04,8.43
12,Dingzhou,38.23759783049755,114.74755301532264,CN,1538949600.0,0.0,50.0,51.8,8.95
13,Kalmunai,6.639174302793066,83.80069989097547,LK,1538950780.0,44.0,100.0,72.34,4.07
15,Campodarsego,45.502750752799756,11.90483016525235,IT,1538949300.0,5.0,88.0,60.78,3.36
16,Upernavik,81.47821864105458,-56.48942509206276,GL,1538950781.0,88.0,100.0,33.82,21.52
17,Grindavik,62.82769547383401,-23.840175757856258,IS,1538947800.0,75.0,86.0,36.3,5.82
18,Hasaki,33.57579824855968,150.43348085871185,JP,1538949600.0,75.0,73.0,70.66,10.29
19,Georgetown,-20.57068195570585,-19.43737767955315,SH,1538950781.0,92.0,100.0,75.76,14.7
20,Dikson,71.95681498142432,81.79848730077799,RU,1538950602.0,36.0,94.0,40.03,43.11
22,Grand Gaube,-13.459909699334801,62.72027039482714,MU,1538946000.0,20.0,82.0,68.0,8.05
24,Havre-Saint-Pierre,55.04919840534717,-64.8066680159216,CA,1538946000.0,20.0,42.0,44.6,9.17
25,Port Elizabeth,-81.91240588376799,36.58327897478998,ZA,1538946000.0,0.0,88.0,66.2,14.99
26,Vestmanna,67.36862307937321,-7.9144627048966925,FO,1538949000.0,80.0,75.0,44.6,18.34
27,Rikitea,-57.929270668681475,-120.44253294841327,PF,1538950782.0,100.0,100.0,67.66,6.87
28,Yatou,36.54549970258523,123.71065603874217,CN,1538950782.0,92.0,100.0,40.66,0.94
29,Praia da Vitoria,48.16961759869329,-23.70567360380369,PT,1538949600.0,20.0,94.0,69.8,17.27
30,Micheweni,-5.748052155025604,45.379119260764384,TZ,1538950783.0,0.0,99.0,78.19,14.14
31,Abdulino,53.747944328058765,53.8346407814698,RU,1538950783.0,8.0,71.0,49.84,13.02
32,Nikolskoye,53.87549786082937,165.7351411724585,RU,1538947800.0,0.0,90.0,35.6,8.95
33,Jaguariaiva,-24.641222000078656,-49.380737764525776,BR,1538950783.0,48.0,84.0,69.55,7.76
34,Chokurdakh,89.13804240505041,156.03513630918707,RU,1538950783.0,80.0,89.0,24.28,7.09
35,Busselton,-34.96973682653504,98.8652531804031,AU,1538950783.0,100.0,100.0,57.49,13.02
36,Flin Flon,55.62072699569006,-100.70617069230845,CA,1538949600.0,90.0,86.0,28.4,9.17
37,Campbell River,50.834851771329824,-125.11270008196976,CA,1538949600.0,90.0,93.0,50.61,12.75
38,Vila Franca do Campo,35.43580367657694,-22.417027902678342,PT,1538949600.0,20.0,73.0,69.8,6.93
40,Rosario,-3.2336176141097894,-44.23823927368531,BR,1538950784.0,0.0,32.0,96.82,2.73
41,Banikoara,11.336037716969173,2.5777836212569696,BJ,1538950784.0,12.0,96.0,71.44,4.63
42,Yellowknife,73.66238952229986,-104.99474057741418,CA,1538949600.0,20.0,100.0,32.0,2.24
43,Soe,-11.755109931550308,126.16087083090054,ID,1538950784.0,0.0,88.0,55.51,1.72
44,Port Alfred,-81.96984913053647,38.62178949852182,ZA,1538950785.0,0.0,88.0,69.28,18.84
45,Rio das Ostras,-22.447686260896447,-41.92882817250836,BR,1538946000.0,90.0,88.0,69.8,18.34
46,Leningradskiy,82.98172410338378,178.26777110935177,RU,1538950785.0,80.0,98.0,35.89,8.77
47,Yumen,36.04661487877347,94.80604173592496,CN,1538950785.0,0.0,38.0,39.4,10.0
48,Barrow,78.15335555573111,-166.73326570301498,US,1538949240.0,90.0,89.0,71.11,9.17
49,Hilo,12.978376685960768,-138.89984205178723,US,1538950260.0,90.0,97.0,70.93,4.7
50,Chapais,54.82133441723826,-75.87819859164198,CA,1538946000.0,90.0,69.0,35.6,5.82
51,Gazanjyk,39.774515004856966,56.3668017826169,TM,1538950785.0,0.0,63.0,48.58,11.45
52,Severo-Kurilsk,29.570408387368403,169.2571607337157,RU,1538950786.0,8.0,93.0,46.06,13.47
54,Zaraza,9.070109567166043,-65.13255680232169,VE,1538950786.0,36.0,91.0,79.81,8.88
55,Ponta do Sol,25.9457162771466,-33.802124852181976,CV,1538950786.0,0.0,99.0,79.36,13.47
56,Kapaa,33.88399607334286,-157.46617450931558,US,1538949840.0,20.0,74.0,84.02,13.87
58,Juneau,58.68110469604389,-131.95788945054096,US,1538949360.0,90.0,96.0,48.02,6.93
60,Campos Altos,-19.75076142666485,-46.019493269737865,BR,1538950787.0,32.0,89.0,69.82,6.76
61,Biak,0.15639257450894206,138.9346498184803,ID,1538950787.0,44.0,100.0,75.13,3.51
62,Mananjary,-21.88459234329231,49.4934314269353,MG,1538950787.0,32.0,73.0,61.45,3.18
63,Waingapu,-10.785071796049294,121.13361162691575,ID,1538950787.0,0.0,94.0,66.58,3.96
65,Dingle,50.035164186830656,-16.881391243936037,IE,1538950787.0,92.0,90.0,57.31,25.32
66,Rocha,-48.42570738143336,-42.11723792327257,UY,1538950788.0,0.0,58.0,71.26,6.98
67,Walvis Bay,-26.301771064287543,2.370311163252353,NA,1538946000.0,0.0,87.0,55.4,8.05
68,Artvin,41.019038023879915,41.73155844517652,TR,1538949600.0,0.0,93.0,55.4,8.05
69,Tiksi,88.44775783907806,122.92676012190543,RU,1538950788.0,36.0,100.0,20.41,2.95
70,Hermanus,-85.34544982257381,5.092921775756196,ZA,1538950788.0,0.0,83.0,60.01,4.97
71,Yar-Sale,67.37395899362488,71.8409616971411,RU,1538950789.0,88.0,100.0,37.42,16.93
72,Nhulunbuy,-11.438695760434683,138.92934948378218,AU,1538947800.0,0.0,83.0,77.0,4.7
74,Champerico,9.817565615287435,-94.9596055343726,GT,1538946000.0,75.0,74.0,82.4,9.17
75,Hambantota,-4.223200082636382,86.46607494068792,LK,1538950789.0,92.0,100.0,77.56,13.69
76,Sechura,-7.955393933765379,-83.48209749222504,PE,1538950789.0,20.0,82.0,71.98,12.91
77,Shubarkuduk,48.26701764648547,55.50102733844827,KZ,1538950789.0,0.0,83.0,42.91,11.12
78,Bredasdorp,-88.9836188738418,27.848413936680885,ZA,1538946000.0,80.0,88.0,64.4,10.29
79,Ballina,58.23255586168767,-12.967711802197954,IE,1538947800.0,90.0,100.0,53.6,14.99
80,Road Town,24.049393203041063,-63.849326558993596,VG,1538949600.0,75.0,78.0,82.94,10.29
82,Beloha,-31.433038205226453,40.484295296984044,MG,1538950790.0,0.0,86.0,69.82,14.92
83,Umea,63.52279781482403,20.69459011014004,SE,1538949000.0,0.0,92.0,21.2,6.98
84,Luau,-10.563869595331298,23.290940842173455,AO,1538950790.0,8.0,50.0,71.17,3.74
86,Bilma,21.03432982284174,12.226862893202053,NE,1538950791.0,0.0,23.0,75.22,4.18
88,Sao Joao da Barra,-28.541743016171296,-32.23317590548584,BR,1538946000.0,90.0,83.0,73.4,6.93
89,Kruisfontein,-88.0558661854785,28.53059228857859,ZA,1538950791.0,0.0,89.0,65.32,13.69
90,Asyut,23.821995024357776,26.909669175142454,EG,1538946000.0,0.0,57.0,75.2,9.17
91,Cape Town,-54.03042469321078,1.598139930636023,ZA,1538946000.0,0.0,72.0,68.0,12.75
92,Vardo,79.8323976632199,34.07191048433256,NO,1538949000.0,20.0,86.0,35.02,13.87
93,Port Blair,8.200324227411102,92.66100791048086,IN,1538950791.0,88.0,100.0,79.81,19.51
94,East London,-87.33991749874855,60.94830386471199,ZA,1538950792.0,12.0,100.0,69.73,25.77
95,Barmer,26.08956659343326,70.73072101052853,IN,1538950792.0,0.0,49.0,74.14,2.95
97,Tuktoyaktuk,88.43572151656338,-120.72535894215856,CA,1538949600.0,5.0,68.0,28.4,17.22
98,San Patricio,6.22419955390761,-110.87946401749667,MX,1538944800.0,40.0,66.0,91.4,11.41
99,Saint-Francois,19.83395388871783,-53.439662206334816,GP,1538947800.0,88.0,94.0,75.2,9.17
101,Rio Gallegos,-50.29019017222365,-65.63350245283561,AR,1538949600.0,20.0,31.0,48.2,20.8
102,Tasiilaq,71.95775642083561,-33.304647468319956,GL,1538949000.0,92.0,51.0,37.4,9.17
103,Vaini,-35.799398164039275,-176.37566374058056,TO,1538946000.0,75.0,78.0,77.0,5.82
104,Cherskiy,72.17033470235424,159.42151151341398,RU,1538950793.0,92.0,93.0,30.76,6.31
105,Puerto Ayora,-8.116937019100504,-112.22949513743532,EC,1538946000.0,0.0,57.0,77.0,12.75
106,Sitka,42.629531564161795,-141.78541194194645,US,1538950793.0,92.0,100.0,64.42,12.68
107,Carnarvon,-27.704729458666932,87.63532717223143,AU,1538950794.0,0.0,100.0,65.77,14.58
108,Yuanping,38.86893750380855,113.32421839006736,CN,1538950794.0,0.0,67.0,24.19,2.17
109,Carbonia,38.28087542629359,8.061007268639628,IT,1538949300.0,5.0,93.0,64.45,2.24
110,Kaitangata,-83.87180470047883,179.92334624851492,NZ,1538950794.0,0.0,82.0,46.87,8.99
111,Bo Phloi,14.288049240394614,98.91388126996878,TH,1538950794.0,12.0,95.0,71.62,2.73
112,Aktanysh,55.55032564094631,54.10470729405233,RU,1538950794.0,88.0,88.0,50.38,12.68
113,Kimbe,-5.064040863421454,149.49593046050506,PG,1538950794.0,0.0,100.0,77.29,10.67
114,Tripoli,33.1600668409519,13.639583174468953,LY,1538950795.0,20.0,100.0,77.02,8.43
115,Yabelo,4.845470849134571,37.774336979841365,ET,1538950795.0,80.0,96.0,62.89,2.62
116,Sao Filipe,7.453423905416699,-33.67370030567071,CV,1538950795.0,0.0,94.0,80.53,11.12
118,Iqaluit,63.7440616415806,-75.03281475453382,CA,1538949600.0,90.0,74.0,30.2,13.87
119,Mayo,65.4280363069488,-138.48280073542037,CA,1538946000.0,20.0,55.0,32.0,5.82
120,Kamenka,68.85657836105523,43.95180461753867,RU,1538950795.0,0.0,66.0,49.57,17.05
121,Ushuaia,-86.08133679771342,-23.841630798928776,AR,1538950621.0,56.0,76.0,37.51,12.46
122,Port Hardy,43.575995326919326,-137.2809887861742,CA,1538949600.0,90.0,93.0,50.0,10.29
123,New Norfolk,-72.4980425613252,134.24781625595762,AU,1538947800.0,75.0,71.0,53.6,6.93
124,Kyshtovka,57.54128601138939,76.5037703864815,RU,1538950796.0,76.0,68.0,45.88,11.9
125,Tinskoy,54.615808127340074,96.76638274799001,RU,1538950796.0,0.0,70.0,38.86,6.98
126,Norman Wells,67.07282764695319,-126.00626919750856,CA,1538949600.0,40.0,59.0,33.8,23.04
128,Karratha,-18.186727924084366,112.94401674795495,AU,1538950796.0,0.0,30.0,72.07,10.22
130,Mackay,-18.26995617862883,153.0122687706584,AU,1538946000.0,12.0,94.0,68.0,3.36
131,Mount Isa,-23.15733260467877,141.05232809348098,AU,1538947800.0,0.0,27.0,73.4,1.12
133,Kodiak,43.35986428574543,-155.42709020385814,US,1538949180.0,90.0,100.0,60.98,5.82
134,Faanui,-3.3339487666505363,-153.31312120584607,PF,1538950797.0,56.0,100.0,79.09,10.67
135,Hofn,62.63559756060181,-11.526083068589742,IS,1538950721.0,0.0,100.0,42.01,18.28
136,Alice Springs,-24.752310512395383,137.22843207312786,AU,1538947800.0,100.0,25.0,75.2,1.12
137,Luderitz,-28.16309000724347,7.044735892786093,NA,1538950585.0,76.0,65.0,66.22,10.67
138,Antofagasta,-23.91521378325919,-77.62729793316574,CL,1538949600.0,90.0,77.0,60.8,13.87
139,Arraial do Cabo,-39.02073510041887,-29.06801051183362,BR,1538946000.0,75.0,88.0,69.8,17.22
140,Buckeye,33.07690195260962,-113.41195170981788,US,1538949300.0,1.0,53.0,71.56,4.7
141,Mercedes,-33.50055839077474,-65.21500799678985,AR,1538950798.0,36.0,56.0,82.06,9.44
142,Ribeira Grande,42.633122974918166,-31.650848232605455,PT,1538950798.0,92.0,100.0,70.81,14.03
143,Umm Lajj,26.118980647713457,36.35694566957386,SA,1538950798.0,0.0,100.0,76.93,4.97
144,Kajaani,63.92625112608442,27.6252871056258,FI,1538949000.0,0.0,100.0,24.8,1.12
145,Talnakh,71.56937353606463,94.81179062635766,RU,1538950798.0,100.0,81.0,43.54,21.07
146,Altay,46.042346366546525,88.80357864299731,CN,1538950798.0,0.0,60.0,18.88,1.95
147,Coos Bay,42.178880762992975,-124.90676562730422,US,1538949360.0,90.0,74.0,57.38,6.93
148,Bethel,62.3846920987248,-162.72362382992833,US,1538949180.0,90.0,96.0,48.92,6.93
149,Okhotsk,57.147407801848004,144.4950507876685,RU,1538950799.0,80.0,100.0,32.56,3.96
150,Khatanga,84.04588012774272,94.78021652547693,RU,1538950799.0,36.0,84.0,43.63,15.82
151,Bullhead City,34.85173870874689,-115.1028872912164,US,1538949360.0,75.0,25.0,70.45,17.22
153,Hami,39.69571978796054,91.89187137724434,CN,1538950800.0,0.0,54.0,39.31,8.66
154,Pisco,-19.338956328237913,-87.1041234921468,PE,1538946000.0,20.0,30.0,71.6,8.05
155,Saint-Philippe,-24.41727377675953,56.99689970057662,RE,1538947800.0,0.0,60.0,68.83,6.93
156,Parkes,-31.877625911540598,146.58535859484323,AU,1538950800.0,0.0,81.0,51.19,3.4
157,Ahipara,-29.581097887063343,170.31845485832042,NZ,1538950800.0,0.0,86.0,58.21,5.97
158,Avarua,-73.58731447712782,-165.70887319968273,CK,1538946000.0,75.0,69.0,80.6,8.05
159,Virginia Beach,35.619858742801185,-73.22407363151034,US,1538949540.0,1.0,69.0,81.18,9.17
160,Okakarara,-20.694161637980358,18.297068819263416,NA,1538950801.0,64.0,30.0,68.11,5.64
161,Olinda,-8.628341746103047,-29.938143022198318,BR,1538946000.0,90.0,78.0,74.73,8.05
162,Fairbanks,65.61204930719012,-144.57324188885616,US,1538949480.0,40.0,18.0,39.78,4.7
163,Torbay,45.99087217238869,-40.341572480368114,CA,1538949600.0,90.0,65.0,44.6,5.82
164,Nemuro,42.34289164577646,147.7782955053412,JP,1538950801.0,88.0,100.0,54.88,15.82
165,Aurillac,44.808145013706394,2.2253137083476418,FR,1538949600.0,90.0,100.0,42.8,3.36
166,Mana,8.718543820609668,-52.845201460237334,GF,1538950802.0,12.0,70.0,84.49,4.63
167,San Juan,24.466617010096186,-65.25288537989023,US,1538949300.0,1.0,46.0,91.78,20.8
168,Babaeski,41.765695136574266,27.016479627057322,TR,1538950802.0,0.0,90.0,53.62,5.64
169,Saskylakh,84.38310398181122,119.50456060990956,RU,1538950802.0,44.0,92.0,34.99,16.6
171,Port Lincoln,-48.70469961732414,128.80334932041887,AU,1538950802.0,80.0,99.0,57.4,14.81
172,Namibe,-17.467265332294758,10.600083973640608,AO,1538950803.0,0.0,100.0,69.1,13.47
173,Chihuahua,29.458162929912703,-105.56381635627402,MX,1538945100.0,40.0,27.0,86.0,16.11
174,Pandan,16.5520616441802,125.37106069804031,PH,1538950803.0,32.0,100.0,80.8,9.78
175,Makakilo City,8.188469395025137,-165.0825595985006,US,1538947260.0,90.0,94.0,83.1,5.82
176,Norheimsund,60.335441846525384,6.138262511037794,NO,1538950803.0,92.0,97.0,38.14,7.09
177,Conde,-15.069164876374032,-33.235597579335035,BR,1538950803.0,76.0,89.0,75.94,8.66
178,Buala,-1.8305670142720771,161.00246671819042,SB,1538950804.0,88.0,95.0,81.34,7.76
179,Thompson,69.27183424878831,-97.40576822202479,CA,1538949780.0,90.0,79.0,28.4,4.7
180,Atuona,-5.1078632707726115,-137.12914452761373,PF,1538950619.0,48.0,100.0,79.81,8.88
181,Busayra,30.62278192263385,36.03427643386513,JO,1538950804.0,0.0,84.0,62.71,2.17
183,Inhambane,-21.963347399307793,37.83088103083168,MZ,1538950804.0,12.0,97.0,70.18,12.24
184,Adrar,26.225243394277214,1.8377978242544941,DZ,1538949600.0,0.0,21.0,80.6,4.7
185,Shizunai,41.65821462471516,142.12687220191037,JP,1538950805.0,20.0,100.0,48.04,1.83
186,San Luis,-33.203269104583114,-66.61888817080796,AR,1538950805.0,8.0,19.0,88.63,14.47
187,Fortuna,36.07248299346351,-132.25429793432465,US,1538949300.0,1.0,55.0,65.28,16.11
188,Ulladulla,-39.81978123498763,158.84511572839227,AU,1538947800.0,40.0,93.0,60.8,17.22
189,Kropotkin,57.614266866580806,116.59789960840925,RU,1538950808.0,0.0,68.0,54.25,13.02
190,Banda Aceh,3.0468246621931883,88.48560533495095,ID,1538950809.0,68.0,100.0,74.05,2.62
191,Hamilton,26.544285970075833,-61.94180253719202,BM,1538945700.0,40.0,65.0,78.8,5.82
193,Trinidad,-14.920965364156501,-65.14508798772451,BO,1538946000.0,75.0,59.0,89.6,10.29
194,Rapid Valley,43.39809697067494,-102.77385224550667,US,1538949660.0,90.0,85.0,37.54,10.29
195,Oranjestad,13.208485112954222,-71.19964581470808,AW,1538946000.0,20.0,74.0,86.0,14.99
196,Iralaya,16.78106341950405,-81.64050421485894,HN,1538950809.0,20.0,80.0,85.84,11.68
197,Arkhangelsk,65.40531238726481,40.600860733140564,RU,1538947800.0,75.0,92.0,32.0,2.24
198,Nabire,-5.797546132390536,137.35361142149208,ID,1538950810.0,68.0,94.0,69.19,1.72
199,Taixing,32.17671288686776,120.1279390754222,CN,1538950810.0,48.0,91.0,59.29,5.64
200,Kurbnesh,41.73776140941288,20.241467658051562,AL,1538949000.0,0.0,93.0,60.8,3.36
202,Porto Novo,14.597132398954088,-33.9256036950118,CV,1538949600.0,40.0,74.0,82.4,25.28
204,Mizdah,31.318168990273463,13.005582883464655,LY,1538950810.0,0.0,47.0,66.76,8.88
205,Ayagoz,47.498569888205566,80.8690530097079,KZ,1538950811.0,12.0,87.0,42.64,11.68
206,Los Angeles,-37.45891161588197,-72.36671423904849,CL,1538946000.0,0.0,67.0,60.8,8.05
207,Anadyr,61.56354382585212,173.57432050942862,RU,1538947800.0,75.0,87.0,46.4,8.95
208,Hithadhoo,-10.185935076846391,77.61170860167937,MV,1538950811.0,88.0,100.0,80.98,15.7
209,Saint-Denis,-19.752601005728323,55.598437525631454,RE,1538947800.0,0.0,72.0,69.01,6.93
210,Geraldton,-29.561261005637135,109.62870479410151,AU,1538947800.0,90.0,87.0,59.0,4.7
211,Saint-Pierre,46.19766605023747,-56.678572621011256,PM,1538949600.0,0.0,71.0,50.0,12.75
212,Souillac,-48.16344585555971,73.42292844356322,MU,1538946000.0,20.0,82.0,68.0,8.05
213,Lagoa,43.19091659690798,-28.47036961379422,PT,1538949600.0,0.0,37.0,66.2,6.93
214,Ust-Kulom,62.525567153298056,54.053433279377344,RU,1538950812.0,88.0,89.0,39.58,4.97
215,Bagdarin,53.702953670263156,112.89947905353216,RU,1538950812.0,80.0,64.0,24.28,2.39
216,Ketchikan,49.65239722478631,-135.9277860422881,US,1538949360.0,90.0,89.0,52.7,5.82
217,Maumere,-7.5533847403013255,123.72727495449419,ID,1538950813.0,0.0,100.0,78.55,5.64
218,Iracoubo,11.488864091682913,-51.2561862564404,GF,1538950813.0,0.0,68.0,83.95,6.08
219,Dunedin,-58.18194679166367,179.22710139614878,NZ,1538950813.0,68.0,93.0,43.45,3.62
220,Berbera,11.58346232030074,45.84526571675761,SO,1538950813.0,0.0,66.0,60.55,2.62
221,Bambous Virieux,-33.99028125485234,74.14103649106264,MU,1538946000.0,20.0,82.0,68.0,8.05
222,Samarai,-14.55041931357168,150.11743865557202,PG,1538950813.0,0.0,100.0,76.57,12.91
223,Te Anau,-39.03382565010446,164.7981704031124,NZ,1538950814.0,20.0,98.0,41.29,3.62
224,Miraflores,0.5436726027646301,-71.3779451242474,CO,1538950814.0,88.0,70.0,61.81,2.06
225,Pergamino,-33.815636708796696,-60.31054104610729,AR,1538950814.0,0.0,34.0,81.07,12.01
226,Lompoc,25.760326483855522,-125.78329510418834,US,1538949360.0,1.0,67.0,73.85,18.34
227,Nuevo Progreso,23.42537309654422,-95.64623103266565,MX,1538950814.0,8.0,90.0,85.3,4.41
229,Victoria,4.29385334523208,61.52256729808698,SC,1538946000.0,40.0,78.0,80.6,9.17
230,Leshukonskoye,63.51507468298436,45.98625044253262,RU,1538950814.0,0.0,96.0,28.96,4.74
232,Vagay,57.64685870904145,69.85915073792162,RU,1538950815.0,92.0,99.0,41.2,7.09
234,Komsomolskiy,67.28593147790275,174.34073295328454,RU,1538950815.0,92.0,98.0,35.26,16.04
235,Cayenne,5.397175870760947,-50.33917295561923,GF,1538947800.0,0.0,78.0,82.4,5.82
236,Honningsvag,81.58517360714981,26.287384312920523,NO,1538949000.0,75.0,86.0,38.39,12.75
237,Kupang,-13.25024347464462,123.66864524487892,ID,1538947800.0,20.0,72.0,68.0,1.12
238,Nkhotakota,-12.710323266276944,34.556381625210236,MW,1538950816.0,0.0,77.0,68.38,7.76
239,Litovko,49.23388869543621,135.5751594139066,RU,1538950816.0,48.0,92.0,34.81,2.51
240,Zhucheng,35.8832277737169,119.13018865783124,CN,1538949600.0,32.0,68.0,66.2,4.47
241,Nizhniy Kuranakh,60.0941497956307,124.10918551222471,RU,1538950816.0,0.0,87.0,19.06,2.73
242,Provideniya,42.35463454765292,-179.44558311486145,RU,1538947800.0,90.0,87.0,46.4,6.71
243,Lavrentiya,61.027783674060714,-169.70867873131212,RU,1538950816.0,88.0,99.0,43.72,8.21
244,Newport,45.09018707941078,-129.18659271568646,US,1538949780.0,75.0,93.0,70.86,3.36
245,Ust-Nera,64.96161978546155,143.87516481877907,RU,1538950817.0,56.0,91.0,3.13,2.17
246,Goundam,17.128406684655886,-5.356090453881336,ML,1538950817.0,0.0,40.0,78.28,4.74
247,Coihaique,-50.792291993133524,-83.71698217729018,CL,1538946000.0,40.0,47.0,50.74,6.93
248,Shingu,29.262206417921092,137.00250660300435,JP,1538950817.0,24.0,100.0,73.06,4.97
249,Hibbing,47.434260478868055,-93.48551829707031,US,1538949300.0,90.0,75.0,43.47,11.41
250,Leiyang,26.60201220754955,113.83576526190888,CN,1538950817.0,0.0,86.0,56.14,2.95
251,Gornopravdinsk,61.7054005245468,69.07339063538194,RU,1538950818.0,92.0,91.0,41.38,4.63
252,Ostrovnoy,77.37766121838925,42.840217940957245,RU,1538950818.0,0.0,92.0,25.45,11.68
254,Neiafu,-19.21464416257585,-174.17979428932708,TO,1538946000.0,40.0,88.0,78.8,4.7
256,Morondava,-19.236983505883316,43.48153472863157,MG,1538950818.0,0.0,100.0,70.81,5.64
257,Montrose,37.940618036097916,-107.96391697196154,US,1538949300.0,75.0,64.0,52.86,6.93
258,Llanes,45.04177287990825,-4.898420257741833,ES,1538950818.0,88.0,96.0,43.36,2.28
259,Qom,34.667691642675365,51.19603249058645,IR,1538950535.0,0.0,93.0,52.36,5.41
260,Houma,28.840549295939397,-90.46636886851047,US,1538948100.0,40.0,52.0,86.79,9.17
261,Talara,-5.3540299652389365,-86.18740075050191,PE,1538946000.0,0.0,290.0,62.6,13.87
262,Yeppoon,-21.160667121148876,152.89082887398376,AU,1538947800.0,40.0,78.0,73.4,4.7
263,Ponta Delgada,30.972070856909426,-28.16780894050973,PT,1538949600.0,20.0,73.0,69.8,6.93
264,Otavi,-19.534815974394306,16.78060446477346,NA,1538950819.0,20.0,27.0,66.49,6.53
265,Klaksvik,71.35158188223116,-7.933730562307545,FO,1538949000.0,56.0,75.0,44.6,18.34
266,Touros,0.5516183162544479,-25.92228251905783,BR,1538950820.0,0.0,77.0,79.72,18.5
267,Lebu,-31.677965237670122,-92.64498126055607,CL,1538950820.0,92.0,98.0,53.26,30.58
268,Butembo,0.6537212472721023,28.28430709937956,CD,1538950820.0,8.0,97.0,59.92,2.17
269,Huarmey,-18.662631753898566,-94.09616504701447,PE,1538950820.0,8.0,52.0,72.97,3.96
270,Lubin,51.5392824941905,16.207525016448784,PL,1538949600.0,40.0,87.0,44.6,3.36
271,Amritsar,31.59845055527944,74.74746991788888,IN,1538949300.0,0.0,83.0,69.8,1.72
272,Yuci,37.47305371946055,113.04000954437106,CN,1538949600.0,0.0,80.0,33.8,2.24
273,Cabo San Lucas,12.83968062655785,-124.04574393777968,MX,1538944800.0,5.0,62.0,89.04,10.29
274,Ankang,32.318093662508275,109.04169837547926,CN,1538950821.0,88.0,77.0,53.89,1.5
275,Burns Lake,54.803066052518886,-125.54029668475215,CA,1538950821.0,92.0,100.0,41.29,2.84
276,Tautira,-15.276657478761535,-144.31557898029334,PF,1538947800.0,40.0,69.0,82.4,6.93
277,High Prairie,56.04270733796892,-116.50884541814105,CA,1538950821.0,92.0,80.0,39.22,5.75
279,Nyurba,67.1205418625893,116.61253123217404,RU,1538950822.0,80.0,93.0,32.11,4.18
280,Mocuba,-18.829863517439307,39.280296896992155,MZ,1538950822.0,76.0,89.0,67.12,4.74
283,Sri Aman,-0.2772828782778589,111.30981462778732,MY,1538949600.0,8.0,100.0,75.2,1.95
284,Shiyan,32.79625604170316,110.1632296101456,CN,1538950822.0,68.0,80.0,55.51,1.83
285,Praya,-9.884839241521263,116.41854018738582,ID,1538949600.0,40.0,88.0,75.2,6.93
287,Polunochnoye,62.37436764840771,59.659364895571144,RU,1538950823.0,0.0,78.0,28.96,5.86
288,Orbetello,42.207706438418626,11.426483744773606,IT,1538949300.0,20.0,100.0,60.8,3.36
289,Jennings,30.294171812244187,-92.89177451280416,US,1538948100.0,1.0,61.0,86.79,10.45
290,Rawson,-49.345082969582336,-58.48616252143033,AR,1538950823.0,92.0,27.0,71.17,18.16
292,San Cristobal,-4.814784127316102,-87.08717445544727,EC,1538950823.0,92.0,100.0,66.13,3.18
293,Darhan,46.182620520605155,109.21474829668381,MN,1538950823.0,64.0,86.0,25.36,3.74
294,Qaanaaq,82.8721197164472,-93.53471974091173,GL,1538950803.0,12.0,100.0,18.34,15.82
296,Darovskoy,59.22612118559712,47.66129185871233,RU,1538950824.0,92.0,99.0,43.18,5.86
297,Tuxpan,21.793470067555063,-105.53588197257463,MX,1538950824.0,76.0,84.0,67.48,2.73
298,Wanning,19.18218730754802,110.42707429603496,CN,1538950824.0,76.0,100.0,78.28,6.08
299,Sarangani,3.753853181232529,124.63801906790258,PH,1538950824.0,24.0,100.0,82.42,10.56
300,Ubinskoye,55.64963874076756,79.9494984660223,RU,1538950581.0,80.0,92.0,44.26,13.58
301,Derzhavinsk,50.47177724955705,67.57073543240719,KZ,1538950825.0,32.0,61.0,43.9,14.81
303,Najran,17.373219218507913,44.731962516597065,SA,1538946000.0,0.0,19.0,75.2,2.51
304,Bandarbeyla,10.100593619896202,50.22638965317458,SO,1538950825.0,0.0,98.0,76.12,3.62
305,Sondrio,46.378418085843805,9.793063842276581,IT,1538949000.0,20.0,100.0,48.61,1.12
306,Veraval,17.284016885603876,68.44890226787723,IN,1538950825.0,24.0,86.0,81.7,5.53
307,Eau Claire,44.38537912251732,-91.26162837880854,US,1538949360.0,90.0,77.0,48.83,8.05
308,Beira,-20.227553818259892,34.42895115398977,MZ,1538946000.0,20.0,88.0,71.6,12.75
309,Dunmore Town,26.405518642239542,-75.20998485802171,BS,1538950702.0,24.0,98.0,83.59,18.61
310,Pangnirtung,68.36499369388994,-66.80671519198313,CA,1538950621.0,56.0,100.0,24.82,1.5
312,Longyearbyen,75.87965316534996,18.10624723872192,SJ,1538949000.0,20.0,85.0,17.6,4.7
313,Beringovskiy,47.96301940929931,179.79950625626094,RU,1538950826.0,92.0,100.0,45.79,6.76
314,Belaya Gora,66.92909894614965,146.76075976378428,RU,1538950826.0,68.0,96.0,22.57,5.97
315,Mao,15.367170787071998,15.110535091767446,TD,1538950826.0,0.0,63.0,74.14,2.62
316,Poykovskiy,61.471241273628806,73.29585009176668,RU,1538949600.0,0.0,86.0,39.2,4.47
317,Vostok,49.56445244679321,148.9943095633783,RU,1538950827.0,0.0,85.0,32.2,2.06
318,Margate,-32.42004623686534,31.575611079449544,ZA,1538950827.0,64.0,92.0,66.94,16.71
319,Lalibela,11.882016765197108,39.58129478175212,ET,1538950827.0,20.0,88.0,48.94,2.62
320,Mahebourg,-40.35999101415787,69.73399435134002,MU,1538946000.0,20.0,82.0,68.0,8.05
321,Sawtell,-30.900115833062756,155.60462537676057,AU,1538947800.0,0.0,72.0,66.2,3.36
322,Bathsheba,15.306231051222454,-57.01189658134831,BB,1538946000.0,75.0,88.0,78.8,23.04
323,Petropavlovsk-Kamchatskiy,45.26224524379424,164.22494358821103,RU,1538947800.0,0.0,64.0,39.2,4.47
324,Garden City,38.950783427273734,-101.0381015156654,US,1538949480.0,1.0,81.0,76.64,4.7
325,Bonthe,5.624674540147254,-14.438751574817047,SL,1538950828.0,92.0,92.0,78.55,3.29
326,Svetlogorsk,67.99722277548014,90.16314995061174,RU,1538949600.0,75.0,71.0,51.8,20.13
327,Jihlava,49.32435145951334,15.551913984810028,CZ,1538949600.0,75.0,82.0,53.58,11.41
329,Katsuura,21.900867727116633,149.41274846324427,JP,1538949600.0,75.0,94.0,68.0,4.7
332,Riverton,43.12516680837058,-108.42927026179142,US,1538949300.0,90.0,78.0,38.16,9.17
333,Gari,59.88966008801955,63.08043019528105,RU,1538950829.0,0.0,100.0,34.9,4.63
334,Hun,28.648745251560854,16.057109616159494,LY,1538950829.0,44.0,34.0,80.71,12.01
335,Kloulklubed,5.72677719662704,132.28327313644297,PW,1538945400.0,75.0,94.0,75.2,3.36
336,Borogontsy,62.345866374592134,131.80051913119615,RU,1538950830.0,76.0,88.0,23.11,4.74
338,Ilulissat,75.60046441219583,-44.37765816812268,GL,1538949000.0,48.0,63.0,30.2,11.41
340,Kavieng,6.527163590365504,151.43978944518602,PG,1538950830.0,76.0,100.0,81.97,3.06
341,Batagay-Alyta,67.4121450411221,127.8412749288911,RU,1538950830.0,88.0,79.0,15.73,3.4
342,Palmer,62.39857853849841,-148.5508568795462,US,1538949360.0,90.0,83.0,47.84,3.36
343,Krasne,49.905877821528094,24.490491146212747,UA,1538949600.0,0.0,87.0,48.2,2.95
347,Nome,64.1040858372991,-164.5341537952139,US,1538949300.0,40.0,60.0,85.98,10.29
348,Lorengau,1.2010892765172088,144.37692799397837,PG,1538950831.0,56.0,100.0,82.51,7.2
349,Calama,-22.90718421891637,-67.70177743510509,CL,1538949600.0,20.0,14.0,71.6,26.4
351,Matata,-36.566727007199006,177.3472758886204,NZ,1538950832.0,44.0,100.0,57.22,11.68
352,Nizhniy Odes,64.47312798110158,55.15035844442346,RU,1538950832.0,88.0,95.0,39.04,5.19
353,Dukat,63.97671057941861,155.03246742360506,RU,1538950832.0,88.0,89.0,20.68,3.4
355,Moose Factory,51.434885130194715,-78.9144159849167,CA,1538949600.0,75.0,72.0,39.2,4.7
356,Puerto Baquerizo Moreno,4.371219522073616,-88.01406952699146,EC,1538946000.0,20.0,61.0,77.0,16.11
357,Hovd,44.436965961952836,103.99340269456218,MN,1538950833.0,0.0,72.0,31.66,9.1
359,Chittaurgarh,24.962994316570047,74.69752485450238,IN,1538950833.0,0.0,68.0,70.72,4.74
362,Koster,-26.001158361256245,27.142204912064386,ZA,1538950833.0,12.0,38.0,54.07,2.84
363,Nago,28.458131425697076,126.78051499895525,JP,1538949600.0,40.0,100.0,73.53,4.7
364,Ilhabela,-26.9973582911416,-44.280489251342686,BR,1538950833.0,92.0,100.0,70.63,11.23
366,Necochea,-41.86151741641142,-58.73725636813275,AR,1538950605.0,0.0,41.0,77.47,15.82
367,Rostock,54.31814706091984,12.185524718839389,DE,1538947200.0,75.0,93.0,41.0,3.36
368,Pevek,87.88536433777418,164.05278584702296,RU,1538950834.0,92.0,100.0,34.9,9.44
369,Dwarka,20.912514495510067,65.57475658447797,IN,1538949600.0,0.0,73.0,75.2,2.73
370,Tual,-7.756335544863703,131.48359375218882,ID,1538950834.0,32.0,100.0,80.26,10.45
371,Panalingaan,11.048078558323525,114.40930341202738,PH,1538950834.0,0.0,97.0,77.83,2.06
372,Kahului,34.4959552984386,-145.4675713555788,US,1538950380.0,40.0,59.0,84.22,18.34
373,Arlit,17.484274978193127,6.3180890896290975,NE,1538950835.0,36.0,18.0,86.02,6.64
374,Saldanha,-34.76742899851496,12.632281443423835,ZA,1538946000.0,0.0,87.0,59.0,10.29
375,Kousseri,11.824038154598242,15.087954548678141,CM,1538946000.0,0.0,74.0,84.2,3.36
376,Huilong,33.83640520867664,124.29867935361125,CN,1538950835.0,92.0,100.0,60.19,3.62
377,Wewak,-3.07121840963471,143.35120047051367,PG,1538950835.0,8.0,94.0,76.21,3.4
378,Maungaturoto,-36.079940761767396,174.17600066055525,NZ,1538950835.0,8.0,97.0,57.67,6.87
379,Kyzyl-Suu,40.717463953137894,77.80537403641011,KG,1538950836.0,92.0,100.0,42.73,8.32
380,Kichera,56.25812460857722,111.15323167609682,RU,1538950836.0,0.0,100.0,18.79,5.64
381,Santiago,7.130123130356694,129.241849458027,PH,1538950836.0,68.0,100.0,70.36,2.95
382,Ahuimanu,34.4105541305009,-152.75365047745422,US,1538949960.0,40.0,76.0,84.22,8.05
383,Visby,56.698187533533286,18.495258450918556,SE,1538949000.0,0.0,100.0,32.0,4.7
384,Tabas,34.37946638675564,56.500282659282334,IR,1538946000.0,24.0,40.0,68.0,6.93
385,Kununurra,-19.978224372726743,130.3227021456214,AU,1538947800.0,0.0,88.0,75.2,1.12
386,Salalah,13.368586437302284,58.237704936357716,OM,1538949000.0,0.0,38.0,75.2,3.36
387,Richards Bay,-33.46871971411556,37.404498183192885,ZA,1538950837.0,0.0,99.0,60.91,6.42
388,Broome,-15.041731027145246,120.8896910084407,AU,1538947800.0,0.0,69.0,78.8,6.93
389,Ullapool,58.70472394615538,-5.542547229314039,GB,1538950837.0,100.0,100.0,50.29,15.48
390,Sesheke,-16.24296917672946,24.746365123949204,ZM,1538950837.0,0.0,29.0,66.49,7.2
391,Dudinka,72.18057165824581,86.23973052457552,RU,1538950837.0,64.0,88.0,44.35,23.87
392,Chunskiy,57.269165559110775,100.20418347930683,RU,1538950786.0,0.0,90.0,30.22,5.41
393,Pangkalanbuun,-3.99413676853527,110.25836851260755,ID,1538950838.0,20.0,97.0,70.99,2.95
395,San Policarpo,13.226519640365836,128.669852301192,PH,1538950838.0,68.0,100.0,78.01,5.41
396,Isparta,37.916743698796935,30.420593115463873,TR,1538949000.0,0.0,54.0,55.4,8.05
397,Plettenberg Bay,-34.35700737096928,23.25282114889012,ZA,1538950838.0,0.0,97.0,64.96,12.68
398,Kasangulu,-4.8331310094942666,15.412507486705834,CD,1538946000.0,75.0,74.0,78.8,2.17
399,Sur,20.453668158813414,61.26382470020164,OM,1538950838.0,0.0,91.0,84.31,4.63
400,Lyuban,52.70921932223379,28.584609951178095,BY,1538950839.0,8.0,68.0,61.63,10.78
401,Constitucion,19.991033994668186,-120.22679197368728,MX,1538945580.0,90.0,46.0,71.6,18.34
402,Ouesso,1.651410591918804,16.587927899630955,CG,1538950839.0,8.0,90.0,75.67,2.17
403,Anori,-4.157422409542562,-60.95461565856441,BR,1538950839.0,44.0,77.0,85.66,4.18
404,Auki,-7.966227885781677,161.98345007634532,SB,1538950839.0,32.0,100.0,79.54,4.63
405,Erenhot,43.236887857921175,114.31732042064192,CN,1538950839.0,48.0,64.0,26.26,9.22
406,Drezdenko,53.047928567635694,15.779420195471232,PL,1538950840.0,48.0,72.0,49.66,6.64
407,Calabozo,8.074952195533413,-67.46241819857016,VE,1538950840.0,32.0,62.0,89.62,4.63
408,Chicama,-8.405118034660049,-80.10724507917526,PE,1538946000.0,20.0,82.0,68.0,10.29
409,Tuatapere,-47.73458465485122,157.26846787896363,NZ,1538950840.0,12.0,100.0,45.16,12.35
410,Oskemen,49.747531337572354,82.73018234917316,KZ,1538949600.0,90.0,81.0,46.4,11.18
411,Manavalakurichi,7.2418743907510645,76.09036829062916,IN,1538949600.0,40.0,83.0,78.8,2.39
412,Lubango,-16.189096869202075,13.34303676136156,AO,1538950841.0,68.0,67.0,63.52,1.95
413,Ocampo,27.407051605842298,-102.46788700490818,MX,1538950841.0,92.0,56.0,74.59,5.3
414,Ambalavao,-22.083101926360158,46.81640007125583,MG,1538950841.0,12.0,89.0,51.01,2.62
416,Tahta,24.374295955203777,28.99025475888891,EG,1538946000.0,0.0,57.0,75.2,9.17
417,Isangel,-17.243132918776425,174.77234539178522,VU,1538950841.0,36.0,100.0,74.14,11.9
418,Acapulco,3.833711012422711,-106.08212161403864,MX,1538945460.0,40.0,74.0,86.0,8.05
419,Atar,22.876727775379166,-13.670219014798931,MR,1538950841.0,0.0,22.0,87.37,6.76
421,Pucara,-7.403203093311561,-77.38959796101135,PE,1538946000.0,75.0,46.0,69.8,8.05
422,Mar del Plata,-72.66319919510553,-19.719762961884157,AR,1538950672.0,92.0,52.0,55.51,16.15
423,Pacific Grove,31.07582760243882,-129.87932247760605,US,1538949300.0,1.0,43.0,78.48,11.41
425,Shelburne,39.16109137295163,-64.0647072008906,CA,1538947260.0,90.0,93.0,54.84,5.82
426,Lerwick,59.07182372963533,0.5912336464163559,GB,1538949000.0,36.0,93.0,50.0,14.99
427,Abha,17.859530910945978,40.471967351634675,SA,1538946000.0,0.0,25.0,65.35,3.36
428,Bundaberg,-24.839414114136304,152.40465970414948,AU,1538950842.0,12.0,100.0,69.91,4.97
430,Narsaq,86.81560500633216,-63.845882193424714,GL,1538949000.0,20.0,58.0,28.4,11.41
431,Ust-Ishim,57.61425262835999,70.69638404659068,RU,1538950843.0,92.0,97.0,40.39,11.45
432,Los Llanos de Aridane,28.80621926598232,-25.04956719459824,ES,1538949600.0,8.0,88.0,75.2,11.41
433,Luancheng,37.98579779865972,114.72488188410478,CN,1538949600.0,0.0,50.0,51.8,8.95
434,Moses Lake,47.87185594229521,-118.94061702225999,US,1538949180.0,1.0,61.0,53.96,4.07
435,Slonim,53.34499511284699,25.499773796608054,BY,1538950844.0,0.0,90.0,54.7,9.44
436,Benoy,8.754392435862485,16.535490246160435,TD,1538950844.0,48.0,77.0,75.58,4.07
437,Mount Hagen,-5.533437746208776,144.65514360680737,PG,1538949600.0,75.0,88.0,62.6,6.93
438,Sanghar,26.251247227071204,69.16499870381301,PK,1538950844.0,0.0,56.0,72.25,1.61
439,Baraboo,43.41521233718208,-89.80018748715757,US,1538949360.0,90.0,94.0,50.11,9.17
440,Kosh-Agach,48.948807100873495,88.3358549925851,RU,1538950844.0,0.0,65.0,14.38,2.95
441,Mecca,19.54637128990491,40.03498863191646,SA,1538950844.0,0.0,69.0,71.98,2.73
442,Beyneu,45.59938285466447,55.83454071044261,KZ,1538950845.0,0.0,70.0,36.88,5.75
443,Alibag,18.438230410043175,71.70591147429226,IN,1538949600.0,20.0,70.0,86.0,3.36
444,Bud,73.34466227835372,3.1351066041091826,NO,1538949000.0,75.0,57.0,48.78,10.29
446,Kaeo,-29.311450731155993,175.5574356152636,NZ,1538950845.0,0.0,75.0,59.02,6.08
447,High Level,60.69530816592547,-119.05865812726759,CA,1538949600.0,75.0,52.0,32.0,16.11
448,Ossora,61.64793094548921,162.54162672690535,RU,1538950846.0,20.0,99.0,41.65,14.7
449,Usinsk,69.33799102412576,57.89273007462987,RU,1538950846.0,92.0,97.0,37.06,11.23
450,Usogorsk,64.48885166644368,48.3814687008296,RU,1538950846.0,92.0,98.0,38.59,2.95
451,Srednekolymsk,67.83188555109638,155.81219931675446,RU,1538950846.0,88.0,96.0,28.6,3.06
452,Collie,-33.02657065732315,117.18175137695857,AU,1538950846.0,36.0,87.0,53.62,8.88
453,Marawi,20.405519833674276,28.83126665083455,SD,1538950846.0,0.0,25.0,75.22,3.4
454,Roald,67.19861029645347,2.8557307253231556,NO,1538949000.0,75.0,57.0,49.33,20.8
455,Yenagoa,2.2441771477959094,4.467193586127507,NG,1538950847.0,44.0,96.0,75.22,6.87
456,Turiacu,-0.8759471316122358,-45.041532000150596,BR,1538950847.0,44.0,37.0,97.18,3.74
457,Jiwani,23.169309908518116,61.78038296676155,PK,1538950673.0,36.0,85.0,78.64,4.41
458,Nuuk,65.79019842408132,-51.159081877840094,GL,1538949000.0,12.0,100.0,32.0,8.05
459,Sao Gabriel da Cachoeira,1.3187070965239087,-65.97944343848803,BR,1538950847.0,24.0,78.0,84.76,2.51
460,Placido de Castro,-9.741471341555695,-66.42816770565042,BR,1538950848.0,8.0,40.0,95.38,3.18
461,Puerto Madero,12.15067532998475,-95.01134948772521,MX,1538950848.0,92.0,98.0,76.12,2.73
462,Isiro,2.9599938947473987,27.064324590321377,CD,1538950848.0,56.0,96.0,70.27,2.17
463,Oktyabrskiy,49.679105995287756,118.83684457492171,RU,1538949600.0,0.0,67.0,57.2,13.42
464,Itarema,5.754594965414,-35.92347100717302,BR,1538950848.0,0.0,62.0,83.68,18.61
465,Yatsushiro,32.48152684085399,130.68315626604658,JP,1538949600.0,20.0,100.0,62.6,4.7
466,Kampong Thum,13.195351007842604,105.10015507478818,KH,1538950849.0,20.0,96.0,72.34,2.51
468,Rancho Palos Verdes,32.73619741487657,-118.94154804507119,US,1538949900.0,40.0,60.0,74.3,13.87
469,Esperance,-31.190747037053193,122.66216971077165,AU,1538950849.0,76.0,99.0,55.6,3.96
470,Umrala,21.680937610608396,71.75536588757558,IN,1538950849.0,8.0,67.0,81.79,6.76
471,Santa Maria,20.164130522298507,-21.530791957009285,CV,1538949600.0,0.0,69.0,82.4,11.41
472,Dubbo,-29.788327584223254,146.40355801503677,AU,1538947800.0,0.0,67.0,59.0,6.93
473,Kitakata,37.700994905255996,139.56619441551857,JP,1538950850.0,76.0,100.0,56.14,1.83
474,Srandakan,-15.171932123886918,107.59380772485213,ID,1538950850.0,92.0,96.0,69.82,2.39
475,Cap Malheureux,-16.31619160275818,56.910039494210224,MU,1538946000.0,20.0,82.0,68.0,8.05
476,Quatre Cocos,-17.04218444764571,69.49998477921693,MU,1538946000.0,20.0,82.0,68.0,8.05
477,Pasni,23.221952862307546,63.2552968658693,PK,1538950850.0,0.0,81.0,82.42,7.31
478,Canutama,-6.672659785311055,-63.64878175809284,BR,1538950850.0,36.0,46.0,94.21,3.4
479,Berlevag,86.82011450045616,31.185549764457193,NO,1538949000.0,75.0,86.0,37.33,12.75
480,Ust-Maya,59.10482364319819,133.5315662590724,RU,1538950851.0,0.0,78.0,20.05,4.97
481,Bengbu,32.964726460377065,117.47923708514537,CN,1538950851.0,76.0,88.0,62.17,8.21
482,Lakitelek,46.861487403345905,19.9512358548659,HU,1538948700.0,0.0,76.0,56.55,2.24
483,Mehamn,87.82542931742117,30.345669285384673,NO,1538949000.0,75.0,86.0,38.82,12.75
484,Abu Dhabi,22.106344712085672,54.541822599390684,AE,1538949600.0,0.0,59.0,86.81,5.82
485,Nsanje,-18.045631738593045,34.49229935735286,MW,1538950852.0,0.0,59.0,70.72,9.33
486,Ugoofaaru,5.470438313370337,72.71537915242314,MV,1538950852.0,80.0,100.0,80.71,10.78
487,Baruun-Urt,46.2139393905633,114.06632809964924,MN,1538950852.0,64.0,73.0,21.76,7.31
488,Kodinsk,57.99219897839234,99.64301039175967,RU,1538950852.0,0.0,87.0,30.4,3.74
489,Koumac,-22.245669439891472,162.0278681345049,NC,1538950852.0,0.0,78.0,73.87,5.19
490,Husavik,68.99537775062848,-17.715205951236612,IS,1538946000.0,75.0,75.0,41.0,5.82
492,Tromso,72.09872899760529,18.480409058112826,NO,1538949000.0,75.0,96.0,37.4,12.75
493,Sungaipenuh,-4.979236383424237,97.8522613917757,ID,1538950853.0,76.0,94.0,66.22,0.38
494,Comodoro Rivadavia,-48.916015570966394,-62.25777294801517,AR,1538946000.0,40.0,33.0,62.6,17.22
495,North Bend,42.766800397488254,-132.05993093371947,US,1538949360.0,90.0,74.0,57.4,6.93
497,Couva,10.438532199408385,-61.68534210256047,TT,1538946000.0,20.0,83.0,82.4,6.93
498,Hauterive,53.955706376847814,-70.62563305214768,CA,1538949600.0,90.0,75.0,42.3,3.36
499,Cockburn Town,24.231064218638977,-67.10715520948689,TC,1538950568.0,92.0,100.0,79.9,16.37
500,Mvuma,-19.091058224928332,31.022548062811723,ZW,1538950853.0,0.0,43.0,56.86,11.9
502,Port Hedland,-24.190761632945467,120.08967058968369,AU,1538947800.0,0.0,88.0,69.8,9.17
503,Wagar,16.98491025633372,36.488126308283455,SD,1538950854.0,0.0,39.0,76.39,7.2
504,Rosetta,31.674773009154237,30.48798489415111,EG,1538946000.0,40.0,64.0,75.2,11.41
506,Svetlaya,46.94106309703531,139.75688613089062,RU,1538950854.0,76.0,100.0,53.08,7.87
507,Tianpeng,31.860783197585434,103.7624072928217,CN,1538950854.0,36.0,73.0,65.14,5.41
508,Smithers,57.92447079690257,-125.94296518239598,CA,1538949600.0,90.0,93.0,46.4,2.24
509,Padang,-7.920917302299003,87.11972384388713,ID,1538950855.0,36.0,100.0,79.54,3.06
510,Rodeo,25.539905474422284,-104.46275185098837,MX,1538950855.0,24.0,73.0,73.51,3.4
511,Songjianghe,40.70317547897733,128.50515075706267,CN,1538950855.0,0.0,61.0,34.9,6.53
512,Camacha,35.78719406950346,-18.002231254175996,PT,1538949600.0,40.0,83.0,70.59,12.75
513,Jieshou,33.46394746066261,115.48861045931835,CN,1538950855.0,48.0,85.0,58.66,2.73
514,Gladstone,-23.395091449572476,152.039800746989,AU,1538950856.0,100.0,90.0,67.48,4.63
515,Chulym,55.18675908668135,81.1792719563287,RU,1538950856.0,76.0,94.0,43.72,12.46
516,Alofi,-21.740352419397624,-165.67662765012264,NU,1538946000.0,8.0,69.0,80.6,5.82
517,Port Augusta,-28.941246515746585,137.50659347286853,AU,1538946480.0,44.0,43.0,71.6,8.05
518,Tuy Hoa,13.33398064714342,110.20084001583899,VN,1538950856.0,68.0,97.0,75.76,7.43
519,Megion,61.855080844948986,75.58254367621822,RU,1538949600.0,0.0,75.0,41.0,4.47
520,Praia,12.343085099833786,-22.76941010543868,CV,1538946000.0,75.0,83.0,80.6,11.41
521,Araouane,20.12808754965961,-4.640329555407902,ML,1538950856.0,0.0,20.0,80.71,9.44
522,Khasan,39.42380300646158,131.18723289823595,RU,1538950828.0,0.0,100.0,45.52,4.74
523,Cockburn Town,25.743180290863705,-73.63441202303004,BS,1538950857.0,88.0,100.0,81.07,17.83
524,Ambilobe,-12.165827561007177,49.621247157187895,MG,1538950857.0,8.0,82.0,70.72,3.4
525,Ishige,36.071904531490446,139.98693127204047,JP,1538949600.0,75.0,73.0,71.02,8.05
526,Tsnori,41.585273091780806,45.987204406752994,GE,1538949600.0,40.0,76.0,57.2,2.24
527,Fort Nelson,60.60649682978578,-123.04337302715444,CA,1538949600.0,90.0,86.0,26.6,8.05
529,Breves,-1.5208944466823908,-50.19579764932024,BR,1538950857.0,36.0,93.0,79.36,4.97
530,Motygino,58.10318860583095,95.59296600381958,RU,1538950857.0,0.0,92.0,36.61,5.53
531,Timizart,36.589705689641335,4.319441733335822,DZ,1538950858.0,0.0,97.0,54.79,1.72
532,Floro,61.84341736638609,4.659547344935675,NO,1538949000.0,100.0,87.0,42.06,31.09
533,Chuy,-44.81175919121547,-41.263696900866904,UY,1538950858.0,0.0,82.0,68.02,10.33
534,Verkhnyaya Inta,63.71065577991379,60.616524555687874,RU,1538950858.0,76.0,96.0,37.06,6.64
535,Clyde River,71.92480381527082,-83.87224116123876,CA,1538949600.0,90.0,85.0,24.8,5.82
536,Kasongo,-4.566078890260158,26.6517110838503,CD,1538950858.0,68.0,98.0,70.54,2.28
537,Fatehpur,27.99117132203,75.07116499480898,IN,1538950859.0,0.0,72.0,70.36,0.6
538,Kiama,-36.03909827212904,152.83952452335888,AU,1538947800.0,40.0,93.0,60.8,17.22
539,Sept-Iles,50.87291950059921,-66.1406793821895,CA,1538946000.0,20.0,45.0,44.6,4.7
540,Kudahuvadhoo,1.6506573477165176,69.84862335924194,MV,1538950859.0,80.0,97.0,83.86,18.5
541,Pihuamo,19.287693033337277,-103.49237907746664,MX,1538950859.0,48.0,71.0,77.02,2.28
542,Jardim,-21.640227374340057,-56.29118403893408,BR,1538950859.0,12.0,95.0,76.12,2.39
543,Grand-Santi,3.0393994895776473,-56.734586183516384,GF,1538950860.0,12.0,42.0,93.22,2.28
544,Votkinsk,57.13430140996027,54.41122677675631,RU,1538950860.0,88.0,97.0,47.32,9.66
545,Tilichiki,59.29317907417246,167.7034367453034,RU,1538950860.0,0.0,87.0,39.04,9.22
546,Dzhebariki-Khaya,62.921857254088565,137.7944380291005,RU,1538950860.0,32.0,83.0,17.26,1.95
547,Kirundo,-2.3239247682149795,30.110361239947167,BI,1538947800.0,40.0,56.0,69.8,9.17
548,Barcelos,-0.792519374564165,-63.13820476063928,BR,1538950654.0,12.0,41.0,94.93,3.62
549,Vestmannaeyjar,56.402816741825035,-20.328965758330497,IS,1538950861.0,80.0,100.0,41.29,7.43
550,Pochutla,14.138253293052372,-96.59943546419605,MX,1538945100.0,75.0,74.0,84.2,8.05
551,Luang Prabang,20.0882651727333,102.51526622637766,LA,1538950788.0,24.0,98.0,65.59,1.72
552,Port-Cartier,51.983322533519384,-68.49691932037675,CA,1538946000.0,20.0,45.0,44.6,4.7
553,Kavaratti,8.342745930249706,63.71012319109994,IN,1538950861.0,92.0,100.0,76.93,11.68
554,Hit,33.62187631780593,42.8074477070862,IQ,1538950860.0,76.0,23.0,75.94,5.75
555,Graaff-Reinet,-33.058101034246235,24.42001771268275,ZA,1538950862.0,0.0,81.0,55.06,2.62
556,Freeport,26.71112140867494,-79.27682721118232,BS,1538946000.0,75.0,66.0,86.0,9.17
557,Livadiya,42.130175472246236,132.61514925330766,RU,1538950862.0,0.0,100.0,60.1,15.7
559,Dawei,13.218044158171978,96.06034266008555,MM,1538950862.0,24.0,97.0,72.61,2.28
560,Guerrero Negro,16.40335324733762,-129.56981052262637,MX,1538950862.0,64.0,82.0,70.54,11.12
561,Skjervoy,73.66839798852939,21.084862031628717,NO,1538950862.0,88.0,100.0,41.29,19.28
562,Rojhan,28.82884674247515,70.02612387364931,PK,1538950862.0,0.0,52.0,72.43,2.62
563,Manokwari,-0.001861085853661848,134.52332083550198,ID,1538950863.0,56.0,100.0,82.24,1.16
564,Hammonton,39.54758430691305,-74.64195700184148,US,1538949360.0,1.0,87.0,77.65,10.33
565,Price,38.92481795191355,-110.86944118954835,US,1538949180.0,90.0,79.0,46.94,16.11
566,La Fria,8.383719419019783,-71.99522179547074,VE,1538946000.0,40.0,62.0,86.0,11.41
567,Uvinza,-5.454798021810348,30.435657883952388,TZ,1538950863.0,76.0,38.0,78.1,3.18
568,Kungurtug,48.10398284536703,97.08735249329487,RU,1538950863.0,8.0,64.0,12.49,2.39
569,Chumikan,55.80548110367786,135.71594692346088,RU,1538950863.0,92.0,100.0,42.01,11.9
570,Hornepayne,49.93745961276002,-84.8991733625245,CA,1538950864.0,0.0,64.0,42.37,3.62
571,Dori,14.177060973446387,0.26271281065027097,BF,1538950864.0,24.0,72.0,82.51,1.95
572,Springdale,50.16203438679989,-56.22649055152608,CA,1538950864.0,0.0,89.0,42.46,16.37
573,Deputatskiy,75.70221911370197,141.18730994130556,RU,1538950804.0,80.0,78.0,8.08,2.73
574,Saltillo,24.915994797816296,-100.99378800810864,MX,1538944800.0,75.0,54.0,78.8,5.82
575,Mahibadhoo,4.569121246709372,64.95672101162276,MV,1538950828.0,76.0,94.0,84.13,17.38
577,Aklavik,70.55168104045407,-139.4228835513736,CA,1538949600.0,20.0,95.0,32.0,12.75
578,Tabanan,-8.86077382541579,114.75720160309902,ID,1538949600.0,20.0,88.0,78.8,9.17
579,Quzhou,29.286933638207003,118.90612516249467,CN,1538950865.0,8.0,89.0,50.38,2.73
580,Havoysund,75.18803665832411,22.96485755177619,NO,1538949000.0,75.0,100.0,39.2,31.09
581,Emerald,-23.069269351211148,146.64944552471303,AU,1538950865.0,0.0,88.0,65.14,7.2
582,Les Cayes,17.833306701388366,-74.1080556925475,HT,1538950597.0,92.0,100.0,74.32,7.99
585,Shakiso,5.563264689366861,38.48354787509385,ET,1538950865.0,92.0,98.0,58.84,2.39
586,Utevka,52.84392197246942,50.91950631994786,RU,1538950866.0,0.0,70.0,50.56,14.03
587,Itupiranga,-4.795506746986007,-50.96222731803084,BR,1538946000.0,0.0,94.0,75.2,4.7
